{
  "0": [
    34.244619785528805,
    76.45910292258789
  ],
  "1": [
    28.166451635311407,
    30.9780827571691
  ],
  "2": [
    67.0786474696277,
    18.271045165565013
  ],
  "3": [
    18.43875203544495,
    29.909256162845367
  ],
  "4": [
    19.436703420979583,
    94.66650461386223
  ],
  "5": [
    69.05419614125773,
    44.81757713768987
  ],
  "6": [
    48.08837991805649,
    57.61409534883166
  ],
  "7": [
    98.28252906865575,
    2.784035891256831
  ],
  "8": [
    99.87703244363635,
    86.44354289842819
  ],
  "9": [
    13.470792358313965,
    8.595685189025682
  ],
  "10": [
    44.3015632268346,
    89.93398595776712
  ],
  "11": [
    31.50164859226433,
    19.274542919609615
  ],
  "12": [
    52.275323401269894,
    58.09444251702058
  ],
  "13": [
    35.103323808770156,
    77.09361043857061
  ],
  "14": [
    73.71743139557523,
    69.23850617298571
  ],
  "15": [
    43.0875770688415,
    90.7371001846755
  ],
  "16": [
    30.777392397283865,
    63.21173314032767
  ],
  "17": [
    29.880941740203426,
    98.12621830168833
  ],
  "18": [
    59.00730024429184,
    14.882230823331444
  ],
  "19": [
    90.62563463632715,
    37.02775046226847
  ]
}